id,email,password,first_name,last_name,created_at,updated_at
13,hulk@avengers.org,$2b$12$cHYEmRmoVx9zbyfwzleS.udISJN5KochwyPHbFLqT.nUEqbeFJHC.,Bruce,Banner,"2018-04-15 20:57:34","2018-04-15 20:57:34"
14,captain@america.us,$2b$12$/W/gy5DGvQkg2aWDwV5GDeEmlZMU56LRm.H6XH5CaIxwVOtXml/re,Steve,Rogers,"2018-04-15 21:32:56","2018-04-15 21:32:56"
15,batman@gotham.com,$2b$12$ikpCrd6GmURTpIWGhd4sZuBR0SckMEflxs/9ZXssFOI1y2/l5Dcby,Bruce,Wayne,"2018-04-15 21:38:20","2018-04-15 21:38:20"
16,jim@gothampd.com,$2b$12$JQ9RHxZDs4Qeu4akbqmtpu2tQy6LEhlMUM46nE2v457CWyk74DrbS,James,Gordon,"2018-04-15 21:38:44","2018-04-15 21:38:44"
17,superman@metropolis.net,$2b$12$9rA69F8.tqS/RkTWA8hZT.WF9B1XTq1U05a5dUqUT6s8JdtT36a8W,Clark,Kent,"2018-04-15 21:39:11","2018-04-15 21:39:11"
18,tony@starkenterprises.com,$2b$12$IMrXpy.KvrTn6XD/.H9O9evgkYYempf3y4P6XCnddBnCbDFDeCmLq,Tony,Stark,"2018-04-15 21:40:06","2018-04-15 21:40:06"
